time,Monthly_inflow_EGY,fatalities_EGY,HDI_EGY,Monthly_inflow_IRQ,fatalities_IRQ,HDI_IRQ,Monthly_inflow_MLI,fatalities_MLI,HDI_MLI,Monthly_inflow_IRN,fatalities_IRN,HDI_IRN,Monthly_inflow_GMB,fatalities_GMB,HDI_GMB,Monthly_inflow_CIV,fatalities_CIV,HDI_CIV,Monthly_inflow_DZA,fatalities_DZA,HDI_DZA,Monthly_inflow_GIN,fatalities_GIN,HDI_GIN,Monthly_inflow_TUN,fatalities_TUN,HDI_TUN,Monthly_inflow_MAR,fatalities_MAR,HDI_MAR,Monthly_inflow_BGD,fatalities_BGD,HDI_BGD,Monthly_inflow_NGA,fatalities_NGA,HDI_NGA,Monthly_inflow_SYR,fatalities_SYR,HDI_SYR,Monthly_inflow_AFG,fatalities_AFG,HDI_AFG,Monthly_inflow_SEN,fatalities_SEN,HDI_SEN,Monthly_inflow_PAK,fatalities_PAK,HDI_PAK,Monthly_inflow_SOM,fatalities_SOM,HDI_SOM,Monthly_inflow_ERI,fatalities_ERI,HDI_ERI,Monthly_inflow_SDN,fatalities_SDN,HDI_SDN,Sum_Inflow
2017-01-01,0.0,178.0,0.0,131.0,10221.0,0.0,282.0,168.0,0.0,0.0,0.0,0.0,359.0,0.0,0.0,839.0,10.0,0.0,0.0,14.0,0.0,796.0,4.0,0.0,0.0,0.0,0.0,257.0,0.0,0.0,224.0,34.0,0.0,483.0,1529.0,0.0,0.0,10141.0,0.0,0.0,4845.0,0.0,431.0,0.0,0.0,0.0,158.0,0.0,0.0,906.0,0.0,0.0,0.0,0.0,0.0,100.0,0.0,3802.0
2017-02-01,0.0,116.0,0.0,144.0,3682.0,0.0,363.0,128.0,0.0,0.0,12.0,0.0,885.0,0.0,0.0,806.0,0.0,0.0,0.0,64.0,0.0,1296.0,16.0,0.0,0.0,8.0,0.0,720.0,0.0,0.0,1079.0,50.0,0.0,1204.0,760.0,0.0,0.0,10545.0,0.0,0.0,4415.0,0.0,784.0,2.0,0.0,271.0,876.0,0.0,0.0,429.0,0.0,0.0,0.0,0.0,0.0,206.0,0.0,7552.0
2017-03-01,0.0,188.0,0.0,0.0,10459.0,0.0,496.0,138.0,0.0,0.0,18.0,0.0,988.0,6.0,0.0,882.0,2.0,0.0,0.0,24.0,0.0,1076.0,2.0,0.0,0.0,6.0,0.0,762.0,0.0,0.0,1528.0,134.0,0.0,1472.0,542.0,0.0,0.0,8051.0,0.0,0.0,6434.0,0.0,700.0,0.0,0.0,0.0,326.0,0.0,634.0,643.0,0.0,577.0,0.0,0.0,0.0,138.0,0.0,9115.0
2017-04-01,0.0,262.0,0.0,0.0,9060.0,0.0,738.0,136.0,0.0,0.0,34.0,0.0,618.0,0.0,0.0,1393.0,2.0,0.0,0.0,12.0,0.0,1016.0,2.0,0.0,0.0,4.0,0.0,686.0,0.0,0.0,1814.0,26.0,0.0,2094.0,499.0,0.0,0.0,10474.0,0.0,0.0,7361.0,0.0,640.0,0.0,0.0,755.0,244.0,0.0,0.0,1024.0,0.0,467.0,0.0,0.0,0.0,334.0,0.0,10221.0
2017-05-01,0.0,202.0,0.0,0.0,8497.0,0.0,1271.0,142.0,0.0,0.0,22.0,0.0,1161.0,0.0,0.0,1737.0,22.0,0.0,0.0,28.0,0.0,1776.0,6.0,0.0,0.0,6.0,0.0,902.0,2.0,0.0,2461.0,80.0,0.0,4033.0,566.0,0.0,0.0,8754.0,0.0,0.0,8654.0,0.0,1380.0,0.0,0.0,0.0,262.0,0.0,0.0,643.0,0.0,1300.0,2.0,0.0,2327.0,746.0,0.0,18348.0
2017-06-01,0.0,86.0,0.0,0.0,6348.0,0.0,1639.0,364.0,0.0,0.0,124.0,0.0,909.0,8.0,0.0,1697.0,0.0,0.0,0.0,6.0,0.0,1799.0,4.0,0.0,0.0,8.0,0.0,755.0,0.0,0.0,1135.0,30.0,0.0,4832.0,378.0,0.0,0.0,9839.0,0.0,0.0,4277.0,0.0,899.0,0.0,0.0,0.0,322.0,0.0,0.0,987.0,0.0,2192.0,0.0,0.0,1652.0,222.0,0.0,17509.0
2017-07-01,0.0,386.0,0.0,0.0,3098.0,0.0,737.0,270.0,0.0,0.0,24.0,0.0,545.0,4.0,0.0,551.0,8.0,0.0,0.0,26.0,0.0,872.0,0.0,0.0,0.0,0.0,0.0,550.0,2.0,0.0,446.0,14.0,0.0,2199.0,778.0,0.0,0.0,8505.0,0.0,0.0,8488.0,0.0,532.0,0.0,0.0,0.0,316.0,0.0,0.0,878.0,0.0,789.0,0.0,0.0,903.0,192.0,0.0,8124.0
2017-08-01,0.0,108.0,0.0,0.0,3096.0,0.0,427.0,106.0,0.0,0.0,26.0,0.0,60.0,0.0,0.0,358.0,0.0,0.0,0.0,12.0,0.0,226.0,0.0,0.0,0.0,4.0,0.0,145.0,0.0,0.0,60.0,17.0,0.0,305.0,730.0,0.0,0.0,10334.0,0.0,0.0,7040.0,0.0,139.0,0.0,0.0,0.0,264.0,0.0,0.0,704.0,0.0,276.0,0.0,0.0,183.0,96.0,0.0,2179.0
2017-09-01,0.0,132.0,0.0,0.0,3392.0,0.0,508.0,54.0,0.0,0.0,2.0,0.0,124.0,0.0,0.0,490.0,4.0,0.0,0.0,10.0,0.0,360.0,8.0,0.0,0.0,6.0,0.0,416.0,4.0,0.0,123.0,14.0,0.0,478.0,1042.0,0.0,0.0,11420.0,0.0,0.0,5327.0,0.0,111.0,0.0,0.0,0.0,152.0,0.0,0.0,818.0,0.0,110.0,0.0,0.0,504.0,118.0,0.0,3224.0
2017-10-01,0.0,304.0,0.0,0.0,2791.0,0.0,279.0,128.0,0.0,0.0,28.0,0.0,42.0,0.0,0.0,185.0,20.0,0.0,0.0,26.0,0.0,144.0,2.0,0.0,5433.0,2.0,0.0,320.0,0.0,0.0,26.0,6.0,0.0,362.0,1593.0,0.0,0.0,8210.0,0.0,0.0,7187.0,0.0,170.0,0.0,0.0,0.0,208.0,0.0,0.0,642.0,0.0,28.0,0.0,0.0,283.0,162.0,0.0,7272.0
2017-11-01,0.0,826.0,0.0,0.0,2071.0,0.0,306.0,62.0,0.0,0.0,40.0,0.0,83.0,0.0,0.0,386.0,4.0,0.0,0.0,8.0,0.0,243.0,48.0,0.0,538.0,4.0,0.0,257.0,0.0,0.0,42.0,32.0,0.0,587.0,706.0,0.0,0.0,8197.0,0.0,0.0,3740.0,0.0,130.0,0.0,0.0,0.0,160.0,0.0,0.0,1298.0,0.0,1097.0,0.0,0.0,273.0,114.0,0.0,3942.0
2017-12-01,0.0,154.0,0.0,0.0,1300.0,0.0,72.0,62.0,0.0,0.0,40.0,0.0,34.0,0.0,0.0,183.0,14.0,0.0,0.0,4.0,0.0,97.0,2.0,0.0,180.0,2.0,0.0,233.0,0.0,0.0,71.0,18.0,0.0,109.0,686.0,0.0,0.0,4290.0,0.0,0.0,5219.0,0.0,84.0,0.0,0.0,0.0,162.0,0.0,0.0,796.0,0.0,216.0,0.0,0.0,96.0,64.0,0.0,1375.0
2018-01-01,0.0,92.0,0.0,76.0,1006.0,0.0,107.0,94.0,0.0,0.0,42.0,0.0,0.0,0.0,0.0,180.0,8.0,0.0,142.0,30.0,0.0,132.0,4.0,0.0,611.0,8.0,0.0,0.0,0.0,0.0,0.0,20.0,0.0,212.0,1445.0,0.0,0.0,7938.0,0.0,0.0,5634.0,0.0,166.0,30.0,0.0,273.0,178.0,0.0,0.0,718.0,0.0,1184.0,0.0,0.0,126.0,42.0,0.0,3209.0
2018-02-01,0.0,244.0,0.0,0.0,816.0,0.0,31.0,226.0,0.0,0.0,14.0,0.0,0.0,0.0,0.0,31.0,4.0,0.0,10.0,4.0,0.0,45.0,22.0,0.0,449.0,4.0,0.0,0.0,0.0,0.0,0.0,8.0,0.0,114.0,946.0,0.0,0.0,7814.0,0.0,0.0,3654.0,0.0,0.0,2.0,0.0,13.0,110.0,0.0,0.0,643.0,0.0,128.0,0.0,0.0,6.0,174.0,0.0,827.0
2018-03-01,0.0,220.0,0.0,92.0,1198.0,0.0,60.0,208.0,0.0,0.0,18.0,0.0,0.0,0.0,0.0,29.0,2.0,0.0,19.0,0.0,0.0,53.0,10.0,0.0,130.0,6.0,0.0,0.0,0.0,0.0,0.0,16.0,0.0,75.0,874.0,0.0,0.0,9858.0,0.0,0.0,4555.0,0.0,34.0,2.0,0.0,2.0,120.0,0.0,0.0,777.0,0.0,240.0,2.0,0.0,100.0,184.0,0.0,834.0
2018-04-01,0.0,206.0,0.0,36.0,936.0,0.0,219.0,390.0,0.0,0.0,48.0,0.0,0.0,0.0,0.0,286.0,2.0,0.0,140.0,2.0,0.0,174.0,8.0,0.0,720.0,2.0,0.0,0.0,0.0,0.0,0.0,8.0,0.0,294.0,1680.0,0.0,0.0,4714.0,0.0,0.0,5561.0,0.0,79.0,0.0,0.0,148.0,114.0,0.0,0.0,704.0,0.0,258.0,0.0,0.0,304.0,204.0,0.0,2658.0
2018-05-01,0.0,114.0,0.0,208.0,1102.0,0.0,188.0,290.0,0.0,0.0,32.0,0.0,0.0,0.0,0.0,266.0,0.0,0.0,115.0,8.0,0.0,81.0,2.0,0.0,824.0,4.0,0.0,0.0,2.0,0.0,0.0,26.0,0.0,221.0,1144.0,0.0,0.0,3533.0,0.0,0.0,8510.0,0.0,0.0,6.0,0.0,42.0,154.0,0.0,0.0,802.0,0.0,401.0,0.0,0.0,201.0,194.0,0.0,2547.0
2018-06-01,0.0,150.0,0.0,193.0,950.0,0.0,270.0,466.0,0.0,0.0,56.0,0.0,0.0,12.0,0.0,234.0,0.0,0.0,144.0,4.0,0.0,323.0,10.0,0.0,268.0,2.0,0.0,0.0,0.0,0.0,0.0,22.0,0.0,313.0,1374.0,0.0,0.0,4986.0,0.0,0.0,7260.0,0.0,0.0,0.0,0.0,242.0,202.0,0.0,0.0,1084.0,0.0,344.0,0.0,0.0,751.0,472.0,0.0,3082.0
2018-07-01,0.0,70.0,0.0,359.0,1082.0,0.0,0.0,390.0,0.0,0.0,70.0,0.0,0.0,0.0,0.0,14.0,2.0,0.0,138.0,22.0,0.0,1.0,6.0,0.0,319.0,12.0,0.0,0.0,0.0,0.0,0.0,18.0,0.0,17.0,1092.0,0.0,0.0,5795.0,0.0,0.0,10864.0,0.0,0.0,12.0,0.0,258.0,604.0,0.0,0.0,880.0,0.0,304.0,0.0,0.0,107.0,222.0,0.0,1517.0
2018-08-01,0.0,248.0,0.0,186.0,1159.0,0.0,0.0,104.0,0.0,0.0,70.0,0.0,0.0,0.0,0.0,7.0,0.0,0.0,132.0,10.0,0.0,0.0,0.0,0.0,408.0,8.0,0.0,0.0,2.0,0.0,0.0,54.0,0.0,2.0,920.0,0.0,0.0,2735.0,0.0,0.0,9764.0,0.0,0.0,0.0,0.0,259.0,192.0,0.0,0.0,666.0,0.0,168.0,0.0,0.0,0.0,44.0,0.0,1162.0
2018-09-01,0.0,40.0,0.0,203.0,933.0,0.0,0.0,216.0,0.0,0.0,94.0,0.0,0.0,0.0,0.0,0.0,2.0,0.0,136.0,8.0,0.0,0.0,2.0,0.0,758.0,2.0,0.0,0.0,2.0,0.0,0.0,54.0,0.0,0.0,566.0,0.0,0.0,3363.0,0.0,0.0,8443.0,0.0,0.0,0.0,0.0,116.0,192.0,0.0,0.0,1030.0,0.0,20.0,0.0,0.0,0.0,104.0,0.0,1233.0
2018-10-01,0.0,164.0,0.0,192.0,755.0,0.0,0.0,190.0,0.0,0.0,38.0,0.0,0.0,0.0,0.0,2.0,4.0,0.0,123.0,0.0,0.0,0.0,6.0,0.0,340.0,4.0,0.0,0.0,4.0,0.0,0.0,78.0,0.0,0.0,812.0,0.0,0.0,3330.0,0.0,0.0,7114.0,0.0,0.0,0.0,0.0,98.0,212.0,0.0,0.0,816.0,0.0,30.0,0.0,0.0,1.0,172.0,0.0,786.0
2018-11-01,0.0,145.0,0.0,143.0,906.0,0.0,1.0,311.0,0.0,0.0,18.0,0.0,0.0,0.0,0.0,1.0,8.0,0.0,83.0,14.0,0.0,1.0,6.0,0.0,175.0,2.0,0.0,0.0,0.0,0.0,0.0,64.0,0.0,2.0,832.0,0.0,0.0,3479.0,0.0,0.0,7826.0,0.0,0.0,6.0,0.0,138.0,204.0,0.0,0.0,556.0,0.0,243.0,0.0,0.0,23.0,132.0,0.0,810.0
2018-12-01,0.0,286.0,0.0,56.0,393.0,0.0,0.0,293.0,0.0,0.0,22.0,0.0,0.0,0.0,0.0,14.0,0.0,0.0,31.0,2.0,0.0,0.0,2.0,0.0,179.0,6.0,0.0,0.0,4.0,0.0,0.0,116.0,0.0,0.0,742.0,0.0,0.0,2707.0,0.0,0.0,7064.0,0.0,0.0,0.0,0.0,0.0,166.0,0.0,0.0,874.0,0.0,0.0,0.0,0.0,0.0,144.0,0.0,280.0
2019-01-01,9.0,270.0,0.0,38.0,460.0,0.0,1.0,328.0,0.0,13.0,16.0,0.0,2.0,0.0,0.0,1.0,0.0,0.0,0.0,8.0,0.0,18.0,0.0,0.0,31.0,4.0,0.0,0.0,0.0,0.0,57.0,80.0,0.0,1.0,1044.0,0.0,0.0,3114.0,0.0,0.0,6497.0,0.0,19.0,0.0,0.0,2.0,196.0,0.0,0.0,1039.0,0.0,0.0,0.0,0.0,6.0,136.0,0.0,198.0
2019-02-01,0.0,132.0,0.0,0.0,554.0,0.0,0.0,350.0,0.0,0.0,62.0,0.0,1.0,0.0,0.0,0.0,2.0,0.0,39.0,0.0,0.0,1.0,14.0,0.0,21.0,4.0,0.0,0.0,0.0,0.0,0.0,80.0,0.0,0.0,1278.0,0.0,0.0,1505.0,0.0,0.0,4986.0,0.0,0.0,4.0,0.0,0.0,116.0,0.0,0.0,838.0,0.0,0.0,0.0,0.0,0.0,72.0,0.0,62.0
2019-03-01,1.0,144.0,0.0,24.0,404.0,0.0,1.0,494.0,0.0,9.0,6.0,0.0,7.0,4.0,0.0,5.0,6.0,0.0,39.0,2.0,0.0,18.0,2.0,0.0,85.0,8.0,0.0,0.0,0.0,0.0,0.0,90.0,0.0,10.0,1380.0,0.0,0.0,2982.0,0.0,1.0,6308.0,0.0,14.0,0.0,0.0,0.0,194.0,0.0,25.0,639.0,0.0,11.0,0.0,0.0,2.0,96.0,0.0,252.0
2019-04-01,1.0,86.0,0.0,18.0,607.0,0.0,0.0,278.0,0.0,0.0,6.0,0.0,1.0,0.0,0.0,18.0,0.0,0.0,17.0,0.0,0.0,1.0,14.0,0.0,116.0,4.0,0.0,0.0,2.0,0.0,0.0,70.0,0.0,0.0,1358.0,0.0,0.0,2156.0,0.0,0.0,5580.0,0.0,0.0,0.0,0.0,55.0,222.0,0.0,0.0,242.0,0.0,0.0,0.0,0.0,0.0,138.0,0.0,227.0
2019-05-01,29.0,214.0,0.0,85.0,690.0,0.0,4.0,206.0,0.0,8.0,8.0,0.0,2.0,0.0,0.0,42.0,34.0,0.0,106.0,16.0,0.0,0.0,2.0,0.0,94.0,8.0,0.0,35.0,0.0,0.0,88.0,58.0,0.0,15.0,1078.0,0.0,2.0,3156.0,0.0,0.0,6800.0,0.0,0.0,0.0,0.0,175.0,366.0,0.0,0.0,619.0,0.0,0.0,0.0,0.0,30.0,68.0,0.0,715.0
2019-06-01,18.0,138.0,0.0,87.0,670.0,0.0,29.0,420.0,0.0,37.0,6.0,0.0,4.0,0.0,0.0,144.0,12.0,0.0,70.0,0.0,0.0,29.0,4.0,0.0,247.0,10.0,0.0,31.0,0.0,0.0,45.0,70.0,0.0,3.0,1592.0,0.0,5.0,3160.0,0.0,34.0,6445.0,0.0,21.0,0.0,0.0,194.0,218.0,0.0,0.0,567.0,0.0,4.0,0.0,0.0,41.0,370.0,0.0,1043.0
2019-07-01,4.0,82.0,0.0,58.0,651.0,0.0,17.0,142.0,0.0,36.0,34.0,0.0,5.0,4.0,0.0,211.0,2.0,0.0,68.0,0.0,0.0,26.0,0.0,0.0,264.0,2.0,0.0,5.0,8.0,0.0,0.0,58.0,0.0,8.0,914.0,0.0,1.0,2780.0,0.0,1.0,8732.0,0.0,7.0,0.0,0.0,194.0,206.0,0.0,3.0,700.0,0.0,0.0,0.0,0.0,109.0,116.0,0.0,1017.0
2019-08-01,16.0,86.0,0.0,89.0,482.0,0.0,14.0,122.0,0.0,5.0,24.0,0.0,5.0,0.0,0.0,97.0,2.0,0.0,195.0,0.0,0.0,13.0,0.0,0.0,468.0,4.0,0.0,43.0,0.0,0.0,41.0,70.0,0.0,15.0,528.0,0.0,8.0,3726.0,0.0,5.0,8991.0,0.0,1.0,0.0,0.0,185.0,176.0,0.0,5.0,616.0,0.0,30.0,0.0,0.0,17.0,108.0,0.0,1252.0
2019-09-01,35.0,172.0,0.0,183.0,416.0,0.0,51.0,266.0,0.0,80.0,12.0,0.0,19.0,0.0,0.0,346.0,2.0,0.0,239.0,4.0,0.0,83.0,0.0,0.0,849.0,10.0,0.0,25.0,0.0,0.0,28.0,54.0,0.0,41.0,602.0,0.0,2.0,671.0,0.0,17.0,10997.0,0.0,23.0,0.0,0.0,117.0,166.0,0.0,12.0,624.0,0.0,6.0,0.0,0.0,139.0,54.0,0.0,2295.0
2019-10-01,24.0,166.0,0.0,195.0,1124.0,0.0,53.0,146.0,0.0,187.0,4.0,0.0,7.0,0.0,0.0,156.0,4.0,0.0,171.0,4.0,0.0,23.0,18.0,0.0,382.0,4.0,0.0,51.0,0.0,0.0,136.0,36.0,0.0,61.0,591.0,0.0,20.0,2808.0,0.0,4.0,7177.0,0.0,10.0,4.0,0.0,220.0,146.0,0.0,79.0,456.0,0.0,74.0,0.0,0.0,13.0,50.0,0.0,1866.0
2019-11-01,18.0,24.0,0.0,44.0,758.0,0.0,49.0,362.0,0.0,28.0,774.0,0.0,25.0,0.0,0.0,100.0,6.0,0.0,39.0,10.0,0.0,69.0,22.0,0.0,89.0,0.0,0.0,63.0,0.0,0.0,163.0,58.0,0.0,78.0,658.0,0.0,0.0,2628.0,0.0,9.0,4509.0,0.0,29.0,0.0,0.0,38.0,140.0,0.0,41.0,570.0,0.0,100.0,0.0,0.0,83.0,96.0,0.0,1065.0
2019-12-01,31.0,36.0,0.0,151.0,618.0,0.0,15.0,378.0,0.0,78.0,8.0,0.0,6.0,0.0,0.0,19.0,22.0,0.0,26.0,0.0,0.0,16.0,4.0,0.0,8.0,0.0,0.0,11.0,0.0,0.0,44.0,40.0,0.0,9.0,814.0,0.0,7.0,2564.0,0.0,0.0,6029.0,0.0,17.0,0.0,0.0,0.0,168.0,0.0,105.0,717.0,0.0,11.0,0.0,0.0,6.0,212.0,0.0,560.0
2020-01-01,15.0,56.0,0.0,62.0,382.0,0.0,54.0,412.0,0.0,48.0,366.0,0.0,12.0,12.0,0.0,193.0,8.0,0.0,249.0,4.0,0.0,99.0,28.0,0.0,68.0,0.0,0.0,61.0,0.0,0.0,137.0,54.0,0.0,28.0,1060.0,0.0,1.0,2456.0,0.0,4.0,3470.0,0.0,30.0,0.0,0.0,14.0,104.0,0.0,62.0,496.0,0.0,56.0,0.0,0.0,72.0,178.0,0.0,1265.0
2020-02-01,7.0,92.0,0.0,0.0,410.0,0.0,61.0,776.0,0.0,0.0,16.0,0.0,23.0,0.0,0.0,90.0,14.0,0.0,59.0,4.0,0.0,22.0,12.0,0.0,26.0,4.0,0.0,51.0,0.0,0.0,303.0,52.0,0.0,42.0,784.0,0.0,1.0,2576.0,0.0,0.0,2832.0,0.0,31.0,0.0,0.0,10.0,140.0,0.0,110.0,524.0,0.0,0.0,2.0,0.0,173.0,24.0,0.0,1009.0
2020-03-01,41.0,112.0,0.0,10.0,342.0,0.0,7.0,792.0,0.0,3.0,74.0,0.0,3.0,0.0,0.0,27.0,10.0,0.0,4.0,4.0,0.0,8.0,44.0,0.0,60.0,6.0,0.0,33.0,0.0,0.0,15.0,50.0,0.0,1.0,1144.0,0.0,6.0,1318.0,0.0,0.0,3300.0,0.0,0.0,0.0,0.0,4.0,64.0,0.0,0.0,470.0,0.0,0.0,0.0,0.0,3.0,82.0,0.0,225.0
2020-04-01,21.0,32.0,0.0,2.0,428.0,0.0,34.0,680.0,0.0,0.0,8.0,0.0,0.0,0.0,0.0,158.0,12.0,0.0,7.0,6.0,0.0,47.0,6.0,0.0,37.0,4.0,0.0,92.0,0.0,0.0,39.0,38.0,0.0,4.0,1374.0,0.0,15.0,1104.0,0.0,0.0,4377.0,0.0,7.0,0.0,0.0,0.0,238.0,0.0,36.0,517.0,0.0,17.0,0.0,0.0,109.0,116.0,0.0,625.0
2020-05-01,15.0,166.0,0.0,0.0,512.0,0.0,9.0,530.0,0.0,0.0,88.0,0.0,7.0,0.0,0.0,197.0,16.0,0.0,53.0,12.0,0.0,38.0,24.0,0.0,494.0,0.0,0.0,85.0,2.0,0.0,480.0,42.0,0.0,42.0,2768.0,0.0,1.0,1180.0,0.0,0.0,4467.0,0.0,4.0,0.0,0.0,8.0,108.0,0.0,20.0,536.0,0.0,0.0,0.0,0.0,39.0,284.0,0.0,1492.0
2020-06-01,57.0,58.0,0.0,25.0,746.0,0.0,3.0,352.0,0.0,33.0,30.0,0.0,6.0,0.0,0.0,112.0,32.0,0.0,55.0,4.0,0.0,29.0,12.0,0.0,718.0,0.0,0.0,14.0,0.0,0.0,263.0,62.0,0.0,6.0,2180.0,0.0,18.0,991.0,0.0,46.0,4970.0,0.0,23.0,0.0,0.0,71.0,152.0,0.0,2.0,395.0,0.0,2.0,0.0,0.0,61.0,250.0,0.0,1544.0
2020-07-01,124.0,90.0,0.0,46.0,672.0,0.0,80.0,506.0,0.0,25.0,56.0,0.0,12.0,0.0,0.0,63.0,8.0,0.0,204.0,10.0,0.0,11.0,10.0,0.0,4210.0,0.0,0.0,94.0,0.0,0.0,922.0,52.0,0.0,20.0,1410.0,0.0,33.0,1176.0,0.0,60.0,7294.0,0.0,11.0,2.0,0.0,263.0,222.0,0.0,46.0,408.0,0.0,7.0,0.0,0.0,32.0,470.0,0.0,6263.0
2020-08-01,226.0,74.0,0.0,68.0,570.0,0.0,58.0,244.0,0.0,135.0,70.0,0.0,25.0,0.0,0.0,71.0,24.0,0.0,227.0,0.0,0.0,101.0,8.0,0.0,2277.0,0.0,0.0,139.0,0.0,0.0,884.0,42.0,0.0,50.0,1064.0,0.0,22.0,968.0,0.0,197.0,5891.0,0.0,30.0,0.0,0.0,316.0,86.0,0.0,279.0,633.0,0.0,126.0,0.0,0.0,200.0,174.0,0.0,5431.0
2020-09-01,81.0,60.0,0.0,37.0,321.0,0.0,38.0,183.0,0.0,115.0,64.0,0.0,24.0,0.0,0.0,120.0,2.0,0.0,267.0,2.0,0.0,70.0,12.0,0.0,1994.0,8.0,0.0,50.0,0.0,0.0,132.0,46.0,0.0,36.0,956.0,0.0,45.0,1034.0,0.0,209.0,6388.0,0.0,11.0,0.0,0.0,325.0,128.0,0.0,43.0,394.0,0.0,100.0,0.0,0.0,110.0,42.0,0.0,3807.0
2020-10-01,327.0,22.0,0.0,214.0,344.0,0.0,71.0,564.0,0.0,294.0,42.0,0.0,10.0,0.0,0.0,203.0,78.0,0.0,93.0,4.0,0.0,72.0,100.0,0.0,1328.0,2.0,0.0,100.0,0.0,0.0,216.0,60.0,0.0,11.0,1352.0,0.0,79.0,1350.0,0.0,278.0,6853.0,0.0,19.0,0.0,0.0,264.0,140.0,0.0,39.0,380.0,0.0,70.0,0.0,0.0,87.0,112.0,0.0,3775.0
2020-11-01,241.0,20.0,0.0,76.0,416.0,0.0,171.0,270.0,0.0,126.0,36.0,0.0,55.0,0.0,0.0,505.0,40.0,0.0,161.0,0.0,0.0,251.0,2.0,0.0,1278.0,0.0,0.0,276.0,0.0,0.0,741.0,30.0,0.0,124.0,1440.0,0.0,10.0,1240.0,0.0,155.0,6575.0,0.0,43.0,0.0,0.0,83.0,136.0,0.0,172.0,372.0,0.0,184.0,0.0,0.0,157.0,30.0,0.0,4809.0
2020-12-01,109.0,60.0,0.0,238.0,540.0,0.0,11.0,267.0,0.0,230.0,22.0,0.0,2.0,0.0,0.0,211.0,20.0,0.0,79.0,8.0,0.0,34.0,32.0,0.0,488.0,4.0,0.0,35.0,6.0,0.0,9.0,28.0,0.0,7.0,1094.0,0.0,32.0,1028.0,0.0,60.0,5914.0,0.0,6.0,0.0,0.0,42.0,152.0,0.0,1.0,470.0,0.0,81.0,0.0,0.0,82.0,120.0,0.0,1757.0
2021-01-01,22.0,10.0,0.0,0.0,506.0,0.0,75.0,345.0,0.0,1.0,8.0,0.0,13.0,0.0,0.0,95.0,2.0,0.0,3.0,24.0,0.0,149.0,4.0,0.0,84.0,0.0,0.0,7.0,0.0,0.0,3.0,44.0,0.0,9.0,1810.0,0.0,2.0,1398.0,0.0,50.0,6068.0,0.0,21.0,0.0,0.0,0.0,176.0,0.0,3.0,380.0,0.0,217.0,0.0,0.0,59.0,586.0,0.0,813.0
2021-02-01,178.0,32.0,0.0,10.0,344.0,0.0,90.0,282.0,0.0,28.0,54.0,0.0,7.0,0.0,0.0,502.0,6.0,0.0,227.0,0.0,0.0,312.0,8.0,0.0,660.0,0.0,0.0,125.0,8.0,0.0,361.0,36.0,0.0,14.0,1800.0,0.0,9.0,1242.0,0.0,26.0,5418.0,0.0,14.0,0.0,0.0,28.0,230.0,0.0,27.0,460.0,0.0,22.0,0.0,0.0,135.0,212.0,0.0,2775.0
2021-03-01,76.0,38.0,0.0,74.0,537.0,0.0,158.0,314.0,0.0,101.0,18.0,0.0,14.0,0.0,0.0,467.0,12.0,0.0,76.0,2.0,0.0,256.0,10.0,0.0,343.0,0.0,0.0,87.0,0.0,0.0,430.0,97.0,0.0,94.0,2053.0,0.0,10.0,1156.0,0.0,0.0,4772.0,0.0,29.0,18.0,0.0,6.0,222.0,0.0,108.0,427.0,0.0,133.0,0.0,0.0,224.0,128.0,0.0,2686.0
2021-04-01,304.0,34.0,0.0,105.0,516.0,0.0,124.0,452.0,0.0,104.0,36.0,0.0,5.0,0.0,0.0,143.0,12.0,0.0,39.0,0.0,0.0,97.0,12.0,0.0,298.0,8.0,0.0,117.0,12.0,0.0,145.0,88.0,0.0,23.0,1930.0,0.0,49.0,756.0,0.0,55.0,7161.0,0.0,12.0,0.0,0.0,61.0,210.0,0.0,59.0,422.0,0.0,64.0,0.0,0.0,141.0,408.0,0.0,1945.0
2021-05-01,336.0,40.0,0.0,133.0,752.0,0.0,121.0,198.0,0.0,122.0,64.0,0.0,61.0,0.0,0.0,203.0,6.0,0.0,86.0,4.0,0.0,131.0,6.0,0.0,601.0,10.0,0.0,237.0,6.0,0.0,1669.0,56.0,0.0,68.0,1938.0,0.0,246.0,846.0,0.0,203.0,12729.0,0.0,7.0,10.0,0.0,85.0,288.0,0.0,140.0,408.0,0.0,533.0,0.0,0.0,346.0,198.0,0.0,5328.0
2021-06-01,776.0,6.0,0.0,282.0,568.0,0.0,105.0,210.0,0.0,512.0,48.0,0.0,15.0,0.0,0.0,309.0,4.0,0.0,185.0,0.0,0.0,145.0,8.0,0.0,977.0,2.0,0.0,361.0,0.0,0.0,810.0,44.0,0.0,28.0,1816.0,0.0,294.0,881.0,0.0,73.0,17156.0,0.0,16.0,0.0,0.0,122.0,264.0,0.0,9.0,957.0,0.0,239.0,0.0,0.0,256.0,278.0,0.0,5514.0
2021-07-01,601.0,46.0,0.0,274.0,540.0,0.0,83.0,280.0,0.0,462.0,62.0,0.0,32.0,0.0,0.0,512.0,8.0,0.0,134.0,0.0,0.0,406.0,0.0,0.0,4046.0,0.0,0.0,147.0,0.0,0.0,778.0,32.0,0.0,31.0,1439.0,0.0,121.0,1154.0,0.0,115.0,17540.0,0.0,19.0,2.0,0.0,83.0,216.0,0.0,14.0,623.0,0.0,220.0,0.0,0.0,148.0,348.0,0.0,8226.0
2021-08-01,1287.0,16.0,0.0,534.0,528.0,0.0,118.0,430.0,0.0,605.0,32.0,0.0,12.0,4.0,0.0,551.0,4.0,0.0,139.0,2.0,0.0,150.0,2.0,0.0,4033.0,0.0,0.0,383.0,0.0,0.0,1082.0,20.0,0.0,68.0,1988.0,0.0,187.0,1027.0,0.0,133.0,11824.0,0.0,13.0,0.0,0.0,256.0,326.0,0.0,12.0,622.0,0.0,129.0,0.0,0.0,150.0,124.0,0.0,9842.0
2021-09-01,1269.0,18.0,0.0,488.0,470.0,0.0,44.0,202.0,0.0,738.0,34.0,0.0,32.0,0.0,0.0,153.0,4.0,0.0,144.0,0.0,0.0,209.0,4.0,0.0,1795.0,0.0,0.0,122.0,22.0,0.0,716.0,33.0,0.0,18.0,1614.0,0.0,285.0,850.0,0.0,115.0,576.0,0.0,12.0,0.0,0.0,160.0,296.0,0.0,46.0,212.0,0.0,136.0,0.0,0.0,81.0,90.0,0.0,6563.0
2021-10-01,1367.0,4.0,0.0,363.0,342.0,0.0,152.0,344.0,0.0,664.0,16.0,0.0,61.0,0.0,0.0,325.0,12.0,0.0,300.0,0.0,0.0,139.0,0.0,0.0,1504.0,0.0,0.0,53.0,4.0,0.0,456.0,84.0,0.0,99.0,1614.0,0.0,257.0,876.0,0.0,411.0,838.0,0.0,13.0,2.0,0.0,282.0,244.0,0.0,59.0,340.0,0.0,46.0,0.0,0.0,98.0,162.0,0.0,6649.0
2021-11-01,1893.0,22.0,0.0,271.0,210.0,0.0,203.0,200.0,0.0,510.0,36.0,0.0,99.0,0.0,0.0,374.0,0.0,0.0,106.0,2.0,0.0,354.0,0.0,0.0,695.0,0.0,0.0,528.0,28.0,0.0,1117.0,120.0,0.0,228.0,1414.0,0.0,728.0,806.0,0.0,581.0,513.0,0.0,72.0,0.0,0.0,423.0,156.0,0.0,209.0,218.0,0.0,448.0,0.0,0.0,158.0,372.0,0.0,8997.0
2021-12-01,467.0,46.0,0.0,131.0,372.0,0.0,94.0,370.0,0.0,116.0,34.0,0.0,100.0,0.0,0.0,318.0,0.0,0.0,239.0,0.0,0.0,178.0,2.0,0.0,635.0,0.0,0.0,26.0,14.0,0.0,271.0,52.0,0.0,153.0,1384.0,0.0,104.0,758.0,0.0,421.0,374.0,0.0,58.0,2.0,0.0,243.0,190.0,0.0,235.0,394.0,0.0,207.0,0.0,0.0,231.0,370.0,0.0,4227.0
2022-01-01,584.0,16.0,0.0,0.0,254.0,0.0,31.0,558.0,0.0,1.0,44.0,0.0,20.0,12.0,0.0,173.0,8.0,0.0,57.0,0.0,0.0,110.0,0.0,0.0,382.0,0.0,0.0,31.0,14.0,0.0,904.0,86.0,0.0,71.0,2520.0,0.0,31.0,1135.0,0.0,91.0,638.0,0.0,9.0,4.0,0.0,98.0,242.0,0.0,30.0,548.0,0.0,182.0,0.0,0.0,87.0,134.0,0.0,2892.0
2022-02-01,799.0,16.0,0.0,2.0,262.0,0.0,13.0,508.0,0.0,18.0,24.0,0.0,4.0,0.0,0.0,100.0,2.0,0.0,0.0,14.0,0.0,40.0,6.0,0.0,308.0,0.0,0.0,10.0,0.0,0.0,337.0,48.0,0.0,1.0,1640.0,0.0,237.0,909.0,0.0,240.0,462.0,0.0,3.0,0.0,0.0,4.0,336.0,0.0,9.0,596.0,0.0,132.0,0.0,0.0,32.0,130.0,0.0,2289.0
2022-03-01,238.0,136.0,0.0,4.0,204.0,0.0,34.0,2272.0,0.0,38.0,24.0,0.0,10.0,0.0,0.0,163.0,4.0,0.0,4.0,6.0,0.0,97.0,0.0,0.0,224.0,0.0,0.0,3.0,4.0,0.0,35.0,48.0,0.0,6.0,3082.0,0.0,23.0,660.0,0.0,255.0,418.0,0.0,21.0,22.0,0.0,0.0,438.0,0.0,0.0,864.0,0.0,31.0,0.0,0.0,93.0,332.0,0.0,1279.0
2022-04-01,734.0,62.0,0.0,49.0,814.0,0.0,7.0,424.0,0.0,139.0,26.0,0.0,15.0,0.0,0.0,140.0,0.0,0.0,22.0,2.0,0.0,146.0,6.0,0.0,345.0,0.0,0.0,5.0,0.0,0.0,765.0,48.0,0.0,161.0,1828.0,0.0,592.0,894.0,0.0,355.0,1068.0,0.0,11.0,0.0,0.0,5.0,309.0,0.0,3.0,286.0,0.0,48.0,0.0,0.0,38.0,632.0,0.0,3580.0
2022-05-01,1190.0,48.0,0.0,194.0,1366.0,0.0,143.0,670.0,0.0,457.0,32.0,0.0,163.0,0.0,0.0,315.0,18.0,0.0,117.0,0.0,0.0,232.0,4.0,0.0,1024.0,0.0,0.0,137.0,0.0,0.0,1642.0,40.0,0.0,144.0,1349.0,0.0,452.0,1026.0,0.0,1239.0,825.0,0.0,22.0,2.0,0.0,205.0,166.0,0.0,36.0,406.0,0.0,188.0,0.0,0.0,202.0,154.0,0.0,8102.0
2022-06-01,1222.0,28.0,0.0,92.0,1116.0,0.0,39.0,962.0,0.0,88.0,46.0,0.0,13.0,0.0,0.0,209.0,0.0,0.0,66.0,0.0,0.0,112.0,8.0,0.0,1714.0,0.0,0.0,68.0,50.0,0.0,1101.0,42.0,0.0,19.0,1584.0,0.0,413.0,764.0,0.0,1100.0,1029.0,0.0,8.0,8.0,0.0,138.0,302.0,0.0,22.0,544.0,0.0,205.0,0.0,0.0,52.0,524.0,0.0,6681.0
2022-07-01,3542.0,10.0,0.0,37.0,974.0,0.0,99.0,469.0,0.0,86.0,56.0,0.0,42.0,0.0,0.0,535.0,12.0,0.0,208.0,2.0,0.0,341.0,12.0,0.0,4276.0,0.0,0.0,107.0,6.0,0.0,1910.0,43.0,0.0,109.0,1366.0,0.0,743.0,1000.0,0.0,27.0,760.0,0.0,22.0,0.0,0.0,347.0,330.0,0.0,32.0,776.0,0.0,475.0,0.0,0.0,145.0,438.0,0.0,13083.0
2022-08-01,3493.0,47.0,0.0,433.0,850.0,0.0,127.0,950.0,0.0,596.0,20.0,0.0,121.0,0.0,0.0,312.0,12.0,0.0,343.0,0.0,0.0,316.0,4.0,0.0,4489.0,0.0,0.0,69.0,0.0,0.0,2160.0,30.0,0.0,25.0,1164.0,0.0,1198.0,1098.0,0.0,1741.0,782.0,0.0,17.0,0.0,0.0,533.0,174.0,0.0,38.0,884.0,0.0,281.0,0.0,0.0,78.0,166.0,0.0,16370.0
2022-09-01,3926.0,10.0,0.0,278.0,917.0,0.0,78.0,542.0,0.0,215.0,462.0,0.0,215.0,0.0,0.0,405.0,8.0,0.0,33.0,0.0,0.0,333.0,16.0,0.0,1858.0,2.0,0.0,25.0,8.0,0.0,1828.0,66.0,0.0,18.0,1640.0,0.0,2011.0,779.0,0.0,605.0,809.0,0.0,33.0,0.0,0.0,279.0,270.0,0.0,31.0,1688.0,0.0,324.0,0.0,0.0,79.0,156.0,0.0,12574.0
